<GUIProfile Version="1">
	<TargetPortrait>
		<anchorXOffset Type="3" Value="-513.777778" />
		<anchorAlignment Type="3" Value="5.000000" />
		<anchorYOffset Type="3" Value="-112.888889" />
		<scale Type="3" Value="1.000000" />
		<enabled Type="2" Value="1" />
		<alpha Type="3" Value="100.000000" />
		<FlipHorizontal Type="2" Value="1" />
		<EffectsOnBottom Type="2" Value="0" />
		<ShowNoCharacter Type="2" Value="1" />
		<ShowInfoText Type="2" Value="1" />
		<ShowRole Type="2" Value="1" />
		<DebuffScale Type="3" Value="0.600000" />
		<BuffScale Type="3" Value="0.900000" />
		<ShowPersonalHighlightBuffs Type="2" Value="1" />
		<PersonalHighlightBuffsMaxDuration Type="3" Value="300.000000" />
		<ShowPersonalHighlightDebuffs Type="2" Value="1" />
		<PersonalHighlightDebuffsMaxDuration Type="3" Value="300.000000" />
		<ShowPersonalBuffsFirst Type="2" Value="1" />
		<BuffsSortType Type="3" Value="2.000000" />
		<ShowPersonalDebuffsFirst Type="2" Value="1" />
		<DebuffsSortType Type="3" Value="2.000000" />
	</TargetPortrait>
	<PlayerPortrait>
		<anchorXOffset Type="3" Value="515.555556" />
		<anchorAlignment Type="3" Value="2.000000" />
		<anchorYOffset Type="3" Value="-114.000000" />
		<scale Type="3" Value="1.000000" />
		<enabled Type="2" Value="1" />
		<alpha Type="3" Value="100.000000" />
		<FlipHorizontal Type="2" Value="0" />
		<EffectsOnBottom Type="2" Value="0" />
		<ShowInfoText Type="2" Value="1" />
		<ShowRole Type="2" Value="1" />
		<DebuffScale Type="3" Value="0.600000" />
		<BuffScale Type="3" Value="0.600000" />
	</PlayerPortrait>
	<QuickBar1>
		<anchorXOffset Type="3" Value="0.000000" />
		<anchorAlignment Type="3" Value="8.000000" />
		<anchorYOffset Type="3" Value="-83.000000" />
		<scale Type="3" Value="1.000000" />
		<enabled Type="2" Value="1" />
		<alpha Type="3" Value="100.000000" />
		<NumVisible Type="3" Value="12.000000" />
		<NumPerRow Type="3" Value="12.000000" />
		<BGVisible Type="2" Value="1" />
	</QuickBar1>
	<CombatState>
		<anchorXOffset Type="3" Value="-8.666667" />
		<anchorAlignment Type="3" Value="8.000000" />
		<anchorYOffset Type="3" Value="-209.333333" />
		<scale Type="3" Value="1.000000" />
		<enabled Type="2" Value="1" />
		<alpha Type="3" Value="100.000000" />
	</CombatState>
	<QuickBar2>
		<anchorXOffset Type="3" Value="0.000000" />
		<anchorAlignment Type="3" Value="8.000000" />
		<anchorYOffset Type="3" Value="-22.000000" />
		<scale Type="3" Value="1.000000" />
		<enabled Type="2" Value="1" />
		<alpha Type="3" Value="100.000000" />
		<NumVisible Type="3" Value="12.000000" />
		<NumPerRow Type="3" Value="12.000000" />
		<BGVisible Type="2" Value="1" />
	</QuickBar2>
	<TargetCastbar>
		<anchorXOffset Type="3" Value="308.333333" />
		<anchorAlignment Type="3" Value="8.000000" />
		<anchorYOffset Type="3" Value="-426.000000" />
		<scale Type="3" Value="1.000000" />
		<enabled Type="2" Value="1" />
		<alpha Type="3" Value="100.000000" />
		<FlipHorizontal Type="2" Value="0" />
	</TargetCastbar>
	<PlayerCastbar>
		<anchorXOffset Type="3" Value="-230.333333" />
		<anchorAlignment Type="3" Value="8.000000" />
		<anchorYOffset Type="3" Value="-395.333333" />
		<scale Type="3" Value="1.000000" />
		<enabled Type="2" Value="1" />
		<alpha Type="3" Value="100.000000" />
		<FlipHorizontal Type="2" Value="1" />
	</PlayerCastbar>
	<Global>
		<GlobalScale Type="3" Value="0.750000" />
		<EnableMovableWindows Type="2" Value="1" />
		<LayoutEditorGridSnap Type="2" Value="0" />
		<LayoutEditorGridEnabled Type="2" Value="1" />
		<LayoutEditorGridY Type="3" Value="32.000000" />
		<LayoutEditorGridX Type="3" Value="32.000000" />
	</Global>
	<PhaseIndicator>
		<anchorAlignment Type="3" Value="7.000000" />
		<anchorXOffset Type="3" Value="0.000000" />
		<anchorYOffset Type="3" Value="44.000000" />
		<scale Type="3" Value="1.000000" />
		<enabled Type="2" Value="1" />
		<alpha Type="3" Value="100.000000" />
	</PhaseIndicator>
	<MenuBar>
		<anchorAlignment Type="3" Value="7.000000" />
		<anchorXOffset Type="3" Value="0.125737" />
		<anchorYOffset Type="3" Value="0.000000" />
		<scale Type="3" Value="1.000000" />
		<enabled Type="2" Value="1" />
		<alpha Type="3" Value="100.000000" />
		<NumPerRow Type="3" Value="13.000000" />
	</MenuBar>
	<ExperienceBars>
		<anchorAlignment Type="3" Value="8.000000" />
		<anchorXOffset Type="3" Value="0.000000" />
		<anchorYOffset Type="3" Value="0.000000" />
		<scale Type="3" Value="1.000000" />
		<enabled Type="2" Value="1" />
		<alpha Type="3" Value="100.000000" />
		<ShowXP Type="2" Value="1" />
		<ShowLegacyXP Type="2" Value="1" />
	</ExperienceBars>
	<MissionTracker>
		<anchorAlignment Type="3" Value="4.000000" />
		<anchorXOffset Type="3" Value="-0.860511" />
		<anchorYOffset Type="3" Value="0.000000" />
		<scale Type="3" Value="0.900000" />
		<enabled Type="2" Value="1" />
		<alpha Type="3" Value="100.000000" />
		<FlippedVertically Type="2" Value="0" />
		<Height Type="3" Value="500.000000" />
	</MissionTracker>
	<QuickBar3>
		<anchorAlignment Type="3" Value="8.000000" />
		<anchorXOffset Type="3" Value="490.000000" />
		<anchorYOffset Type="3" Value="-0.000000" />
		<scale Type="3" Value="0.900000" />
		<enabled Type="2" Value="1" />
		<alpha Type="3" Value="100.000000" />
		<NumVisible Type="3" Value="12.000000" />
		<NumPerRow Type="3" Value="6.000000" />
		<BGVisible Type="2" Value="0" />
	</QuickBar3>
	<QuickBar4>
		<anchorAlignment Type="3" Value="8.000000" />
		<anchorXOffset Type="3" Value="-490.000000" />
		<anchorYOffset Type="3" Value="-0.000000" />
		<scale Type="3" Value="0.900000" />
		<enabled Type="2" Value="1" />
		<alpha Type="3" Value="100.000000" />
		<NumVisible Type="3" Value="12.000000" />
		<NumPerRow Type="3" Value="6.000000" />
		<BGVisible Type="2" Value="0" />
	</QuickBar4>
	<LargeTooltip>
		<anchorAlignment Type="3" Value="5.000000" />
		<anchorXOffset Type="3" Value="-10.000000" />
		<anchorYOffset Type="3" Value="-158.000000" />
		<scale Type="3" Value="1.000000" />
		<enabled Type="2" Value="1" />
		<alpha Type="3" Value="100.000000" />
		<UseDockedStyle Type="2" Value="1" />
		<GrowUp Type="2" Value="1" />
	</LargeTooltip>
	<Companion>
		<anchorAlignment Type="3" Value="2.000000" />
		<anchorXOffset Type="3" Value="0.000000" />
		<anchorYOffset Type="3" Value="-259.444444" />
		<scale Type="3" Value="1.000000" />
		<enabled Type="2" Value="1" />
		<alpha Type="3" Value="100.000000" />
	</Companion>
	<MiniMap>
		<anchorAlignment Type="3" Value="5.000000" />
		<anchorXOffset Type="3" Value="-0.251473" />
		<anchorYOffset Type="3" Value="-0.703340" />
		<scale Type="3" Value="0.900000" />
		<enabled Type="2" Value="1" />
		<alpha Type="3" Value="100.000000" />
		<FlipVertically Type="2" Value="0" />
	</MiniMap>
	<SocialCenter>
		<anchorAlignment Type="3" Value="1.000000" />
		<anchorXOffset Type="3" Value="0.000000" />
		<anchorYOffset Type="3" Value="0.000000" />
		<scale Type="3" Value="1.000000" />
		<enabled Type="2" Value="1" />
		<alpha Type="3" Value="100.000000" />
	</SocialCenter>
	<AlderaanScorecard>
		<anchorAlignment Type="3" Value="4.000000" />
		<anchorXOffset Type="3" Value="-315.000000" />
		<anchorYOffset Type="3" Value="0.000000" />
		<scale Type="3" Value="1.000000" />
		<enabled Type="2" Value="1" />
		<alpha Type="3" Value="100.000000" />
	</AlderaanScorecard>
	<HuttballScorecard>
		<anchorAlignment Type="3" Value="4.000000" />
		<anchorXOffset Type="3" Value="-315.000000" />
		<anchorYOffset Type="3" Value="40.000000" />
		<scale Type="3" Value="1.000000" />
		<enabled Type="2" Value="1" />
		<alpha Type="3" Value="100.000000" />
	</HuttballScorecard>
	<VoidstarScorecard>
		<anchorAlignment Type="3" Value="4.000000" />
		<anchorXOffset Type="3" Value="-315.000000" />
		<anchorYOffset Type="3" Value="0.000000" />
		<scale Type="3" Value="1.000000" />
		<enabled Type="2" Value="1" />
		<alpha Type="3" Value="100.000000" />
	</VoidstarScorecard>
	<Holocom>
		<anchorAlignment Type="3" Value="2.000000" />
		<anchorXOffset Type="3" Value="765.333333" />
		<anchorYOffset Type="3" Value="-252.666667" />
		<scale Type="3" Value="1.000000" />
		<enabled Type="2" Value="1" />
		<alpha Type="3" Value="100.000000" />
	</Holocom>
	<Tutorials>
		<anchorAlignment Type="3" Value="5.000000" />
		<anchorXOffset Type="3" Value="-360.333333" />
		<anchorYOffset Type="3" Value="-16.666667" />
		<scale Type="3" Value="1.000000" />
		<enabled Type="2" Value="1" />
		<alpha Type="3" Value="100.000000" />
	</Tutorials>
	<CompanionBar>
		<anchorAlignment Type="3" Value="2.000000" />
		<anchorXOffset Type="3" Value="0.000000" />
		<anchorYOffset Type="3" Value="-129.481532" />
		<scale Type="3" Value="0.900000" />
		<enabled Type="2" Value="1" />
		<alpha Type="3" Value="100.000000" />
		<NumVisible Type="3" Value="12.000000" />
		<NumPerRow Type="3" Value="6.000000" />
		<BGVisible Type="2" Value="1" />
	</CompanionBar>
	<SocialNotifications>
		<anchorAlignment Type="3" Value="1.000000" />
		<anchorXOffset Type="3" Value="700.000000" />
		<anchorYOffset Type="3" Value="60.000000" />
		<scale Type="3" Value="1.000000" />
		<enabled Type="2" Value="1" />
		<alpha Type="3" Value="100.000000" />
	</SocialNotifications>
	<FocusTarget>
		<anchorAlignment Type="3" Value="7.000000" />
		<anchorXOffset Type="3" Value="0.000000" />
		<anchorYOffset Type="3" Value="66.000000" />
		<scale Type="3" Value="0.800000" />
		<enabled Type="2" Value="1" />
		<alpha Type="3" Value="100.000000" />
		<FlipHorizontal Type="2" Value="0" />
		<ShowInfoText Type="2" Value="0" />
		<DebuffScale Type="3" Value="0.600000" />
		<BuffScale Type="3" Value="0.600000" />
		<ShowPersonalHighlightBuffs Type="2" Value="0" />
		<PersonalHighlightBuffsMaxDuration Type="3" Value="300.000000" />
		<ShowPersonalHighlightDebuffs Type="2" Value="0" />
		<PersonalHighlightDebuffsMaxDuration Type="3" Value="300.000000" />
		<ShowPersonalBuffsFirst Type="2" Value="0" />
		<BuffsSortType Type="3" Value="0.000000" />
		<ShowPersonalDebuffsFirst Type="2" Value="0" />
		<DebuffsSortType Type="3" Value="0.000000" />
	</FocusTarget>
	<FocusTargetCastbar>
		<anchorXOffset Type="3" Value="173.000000" />
		<anchorAlignment Type="3" Value="7.000000" />
		<anchorYOffset Type="3" Value="145.000000" />
		<scale Type="3" Value="0.900000" />
		<enabled Type="2" Value="1" />
		<alpha Type="3" Value="100.000000" />
		<FlipHorizontal Type="2" Value="0" />
	</FocusTargetCastbar>
	<TargetOfTarget>
		<anchorAlignment Type="3" Value="8.000000" />
		<anchorXOffset Type="3" Value="1.466667" />
		<anchorYOffset Type="3" Value="-284.000000" />
		<scale Type="3" Value="1.100000" />
		<enabled Type="2" Value="1" />
		<alpha Type="3" Value="100.000000" />
		<FlipHorizontal Type="2" Value="1" />
		<ShowInfoText Type="2" Value="0" />
		<EffectsOnBottom Type="2" Value="0" />
		<ShowRole Type="2" Value="1" />
		<DebuffScale Type="3" Value="0.450000" />
		<BuffScale Type="3" Value="0.450000" />
	</TargetOfTarget>
	<ChatPanel_2>
		<isPanel Type="2" Value="0" />
		<anchorAlignment Type="3" Value="1.000000" />
		<anchorOffsetX Type="3" Value="8.000000" />
		<anchorOffsetY Type="3" Value="36.000000" />
		<width Type="3" Value="400.000000" />
		<height Type="3" Value="200.000000" />
		<FontSize Type="3" Value="14.000000" />
	</ChatPanel_2>
	<ChatPanel_3>
		<isPanel Type="2" Value="0" />
		<anchorAlignment Type="3" Value="1.000000" />
		<anchorOffsetX Type="3" Value="201.333333" />
		<anchorOffsetY Type="3" Value="32.000000" />
		<width Type="3" Value="400.000000" />
		<height Type="3" Value="200.000000" />
		<FontSize Type="3" Value="14.000000" />
	</ChatPanel_3>
	<ChatPanel_1>
		<anchorAlignment Type="3" Value="1.000000" />
		<anchorOffsetX Type="3" Value="0.000000" />
		<anchorOffsetY Type="3" Value="42.222221" />
		<width Type="3" Value="590.650000" />
		<height Type="3" Value="326.650000" />
		<FontSize Type="3" Value="14.000000" />
	</ChatPanel_1>
	<ChatPanel_4>
		<isPanel Type="2" Value="0" />
		<anchorAlignment Type="3" Value="1.000000" />
		<anchorOffsetX Type="3" Value="0.000000" />
		<anchorOffsetY Type="3" Value="0.000000" />
		<width Type="3" Value="400.000000" />
		<height Type="3" Value="200.000000" />
		<FontSize Type="3" Value="14.000000" />
	</ChatPanel_4>
	<ChatPanel_5>
		<isPanel Type="2" Value="0" />
		<anchorAlignment Type="3" Value="1.000000" />
		<anchorOffsetX Type="3" Value="0.000000" />
		<anchorOffsetY Type="3" Value="0.000000" />
		<width Type="3" Value="400.000000" />
		<height Type="3" Value="200.000000" />
		<FontSize Type="3" Value="14.000000" />
	</ChatPanel_5>
	<ChatPanel_6>
		<isPanel Type="2" Value="0" />
		<anchorAlignment Type="3" Value="1.000000" />
		<anchorOffsetX Type="3" Value="0.000000" />
		<anchorOffsetY Type="3" Value="0.000000" />
		<width Type="3" Value="400.000000" />
		<height Type="3" Value="200.000000" />
		<FontSize Type="3" Value="14.000000" />
	</ChatPanel_6>
	<ChatPanel_7>
		<isPanel Type="2" Value="0" />
		<anchorAlignment Type="3" Value="1.000000" />
		<anchorOffsetX Type="3" Value="0.000000" />
		<anchorOffsetY Type="3" Value="0.000000" />
		<width Type="3" Value="400.000000" />
		<height Type="3" Value="200.000000" />
		<FontSize Type="3" Value="14.000000" />
	</ChatPanel_7>
	<ChatPanel_8>
		<isPanel Type="2" Value="0" />
		<anchorAlignment Type="3" Value="1.000000" />
		<anchorOffsetX Type="3" Value="0.000000" />
		<anchorOffsetY Type="3" Value="0.000000" />
		<width Type="3" Value="400.000000" />
		<height Type="3" Value="200.000000" />
		<FontSize Type="3" Value="14.000000" />
	</ChatPanel_8>
	<ChatPanel_9>
		<isPanel Type="2" Value="0" />
		<anchorAlignment Type="3" Value="1.000000" />
		<anchorOffsetX Type="3" Value="0.000000" />
		<anchorOffsetY Type="3" Value="0.000000" />
		<width Type="3" Value="400.000000" />
		<height Type="3" Value="200.000000" />
		<FontSize Type="3" Value="14.000000" />
	</ChatPanel_9>
	<ChatPanel_10>
		<isPanel Type="2" Value="0" />
		<anchorAlignment Type="3" Value="1.000000" />
		<anchorOffsetX Type="3" Value="0.000000" />
		<anchorOffsetY Type="3" Value="0.000000" />
		<width Type="3" Value="400.000000" />
		<height Type="3" Value="200.000000" />
		<FontSize Type="3" Value="14.000000" />
	</ChatPanel_10>
	<RaidFrames>
		<anchorAlignment Type="3" Value="3.000000" />
		<anchorXOffset Type="3" Value="377.333333" />
		<anchorYOffset Type="3" Value="59.250000" />
		<scale Type="3" Value="1.250000" />
		<enabled Type="2" Value="1" />
		<alpha Type="3" Value="100.000000" />
		<NumPerRow Type="3" Value="3.000000" />
		<GroupsVisible Type="3" Value="6.000000" />
		<HealthWidth Type="3" Value="114.000000" />
		<HealthHeight Type="3" Value="21.000000" />
		<ShowHealth Type="2" Value="1" />
		<DebuffScale Type="3" Value="0.500000" />
		<BuffScale Type="3" Value="0.220000" />
		<PartySpacing Type="3" Value="5.000000" />
		<ShowOnlyCleansableDebuffs Type="2" Value="0" />
	</RaidFrames>
	<TargetOfTargetCastbar>
		<anchorAlignment Type="3" Value="8.000000" />
		<anchorXOffset Type="3" Value="158.600000" />
		<anchorYOffset Type="3" Value="-351.333333" />
		<scale Type="3" Value="0.600000" />
		<enabled Type="2" Value="1" />
		<alpha Type="3" Value="100.000000" />
		<FlipHorizontal Type="2" Value="1" />
	</TargetOfTargetCastbar>
	<PartyFrame1>
		<anchorAlignment Type="3" Value="2.000000" />
		<anchorXOffset Type="3" Value="0.000000" />
		<anchorYOffset Type="3" Value="-247.255403" />
		<scale Type="3" Value="1.000000" />
		<enabled Type="2" Value="1" />
		<alpha Type="3" Value="100.000000" />
		<FlipHorizontal />
		<ShowInfoText Type="2" Value="0" />
		<ShowRole Type="2" Value="1" />
		<DebuffScale Type="3" Value="0.350000" />
		<BuffScale Type="3" Value="0.350000" />
	</PartyFrame1>
	<PartyTargetFrame1>
		<anchorAlignment Type="3" Value="2.000000" />
		<anchorXOffset Type="3" Value="271.591356" />
		<anchorYOffset Type="3" Value="-317.755403" />
		<scale Type="3" Value="0.750000" />
		<enabled Type="2" Value="0" />
		<alpha Type="3" Value="100.000000" />
		<FlipHorizontal Type="2" Value="1" />
		<ShowInfoText Type="2" Value="0" />
		<EffectsOnBottom Type="2" Value="0" />
		<ShowRole Type="2" Value="1" />
		<DebuffScale Type="3" Value="0.250000" />
		<BuffScale Type="3" Value="0.250000" />
	</PartyTargetFrame1>
	<PartyFrame2>
		<anchorAlignment Type="3" Value="3.000000" />
		<anchorXOffset Type="3" Value="1.111111" />
		<anchorYOffset Type="3" Value="94.833333" />
		<scale Type="3" Value="1.000000" />
		<enabled Type="2" Value="1" />
		<alpha Type="3" Value="100.000000" />
		<FlipHorizontal />
		<ShowInfoText Type="2" Value="0" />
		<ShowRole Type="2" Value="1" />
		<DebuffScale Type="3" Value="0.350000" />
		<BuffScale Type="3" Value="0.350000" />
	</PartyFrame2>
	<PartyTargetFrame2>
		<anchorAlignment Type="3" Value="3.000000" />
		<anchorXOffset Type="3" Value="271.591356" />
		<anchorYOffset Type="3" Value="60.198919" />
		<scale Type="3" Value="0.750000" />
		<enabled Type="2" Value="0" />
		<alpha Type="3" Value="100.000000" />
		<FlipHorizontal Type="2" Value="1" />
		<ShowInfoText Type="2" Value="0" />
		<EffectsOnBottom Type="2" Value="0" />
		<ShowRole Type="2" Value="1" />
		<DebuffScale Type="3" Value="0.250000" />
		<BuffScale Type="3" Value="0.250000" />
	</PartyTargetFrame2>
	<PartyFrame3>
		<anchorAlignment Type="3" Value="3.000000" />
		<anchorXOffset Type="3" Value="1.111111" />
		<anchorYOffset Type="3" Value="-40.722222" />
		<scale Type="3" Value="1.000000" />
		<enabled Type="2" Value="1" />
		<alpha Type="3" Value="100.000000" />
		<FlipHorizontal />
		<ShowInfoText Type="2" Value="0" />
		<ShowRole Type="2" Value="1" />
		<DebuffScale Type="3" Value="0.350000" />
		<BuffScale Type="3" Value="0.350000" />
	</PartyFrame3>
	<PartyTargetFrame3>
		<anchorAlignment Type="3" Value="3.000000" />
		<anchorXOffset Type="3" Value="271.591356" />
		<anchorYOffset Type="3" Value="-75.596758" />
		<scale Type="3" Value="0.750000" />
		<enabled Type="2" Value="0" />
		<alpha Type="3" Value="100.000000" />
		<FlipHorizontal Type="2" Value="1" />
		<ShowInfoText Type="2" Value="0" />
		<EffectsOnBottom Type="2" Value="0" />
		<ShowRole Type="2" Value="1" />
		<DebuffScale Type="3" Value="0.250000" />
		<BuffScale Type="3" Value="0.250000" />
	</PartyTargetFrame3>
	<DenovaScorecard>
		<anchorAlignment Type="3" Value="4.000000" />
		<anchorXOffset Type="3" Value="-315.000000" />
		<anchorYOffset Type="3" Value="0.000000" />
		<scale Type="3" Value="1.000000" />
		<enabled Type="2" Value="1" />
		<alpha Type="3" Value="100.000000" />
	</DenovaScorecard>
	<CrewCraftingTrainerWindow>
		<AnchorOffsetX Type="3" Value="806.222201" />
		<AnchorOffsetY Type="3" Value="419.555599" />
		<AnchorAlignment Type="3" Value="1.000000" />
	</CrewCraftingTrainerWindow>
	<GuildCreateWindow>
		<AnchorOffsetX Type="3" Value="0.000000" />
		<AnchorOffsetY Type="3" Value="0.000000" />
		<AnchorAlignment Type="3" Value="9.000000" />
	</GuildCreateWindow>
	<MissionTerminal>
		<AnchorOffsetX Type="3" Value="0.000000" />
		<AnchorOffsetY Type="3" Value="0.000000" />
		<AnchorAlignment Type="3" Value="9.000000" />
	</MissionTerminal>
	<LegacyWindow>
		<AnchorOffsetX Type="3" Value="524.176432" />
		<AnchorOffsetY Type="3" Value="281.666667" />
		<AnchorAlignment Type="3" Value="1.000000" />
	</LegacyWindow>
	<GameOptions>
		<AnchorOffsetX Type="3" Value="18.000000" />
		<AnchorOffsetY Type="3" Value="6.444466" />
		<AnchorAlignment Type="3" Value="9.000000" />
	</GameOptions>
	<GuildWindow>
		<AnchorOffsetX Type="3" Value="686.666667" />
		<AnchorOffsetY Type="3" Value="330.666667" />
		<AnchorAlignment Type="3" Value="1.000000" />
	</GuildWindow>
	<CrewMissions>
		<AnchorOffsetX Type="3" Value="575.777734" />
		<AnchorOffsetY Type="3" Value="289.944434" />
		<AnchorAlignment Type="3" Value="1.000000" />
	</CrewMissions>
	<WaitingPanel>
		<AnchorOffsetX Type="3" Value="0.000000" />
		<AnchorOffsetY Type="3" Value="100.000000" />
		<AnchorAlignment Type="3" Value="7.000000" />
	</WaitingPanel>
	<ElevatorBoard>
		<AnchorOffsetX Type="3" Value="-409.333333" />
		<AnchorOffsetY Type="3" Value="-22.666667" />
		<AnchorAlignment Type="3" Value="6.000000" />
	</ElevatorBoard>
	<ViewMessageItem>
		<AnchorOffsetX Type="3" Value="80.000000" />
		<AnchorOffsetY Type="3" Value="0.000000" />
		<AnchorAlignment Type="3" Value="3.000000" />
	</ViewMessageItem>
	<DeathWindow>
		<AnchorOffsetX Type="3" Value="834.103516" />
		<AnchorOffsetY Type="3" Value="142.666667" />
		<AnchorAlignment Type="3" Value="1.000000" />
	</DeathWindow>
	<SecureTrade>
		<AnchorOffsetX Type="3" Value="289.222266" />
		<AnchorOffsetY Type="3" Value="417.111133" />
		<AnchorAlignment Type="3" Value="7.000000" />
	</SecureTrade>
	<LogWindow>
		<AnchorOffsetX Type="3" Value="836.666667" />
		<AnchorOffsetY Type="3" Value="277.277799" />
		<AnchorAlignment Type="3" Value="1.000000" />
	</LogWindow>
	<AbilitiesWindow>
		<AnchorOffsetX Type="3" Value="572.888867" />
		<AnchorOffsetY Type="3" Value="221.111068" />
		<AnchorAlignment Type="3" Value="1.000000" />
	</AbilitiesWindow>
	<JoinPanel>
		<AnchorOffsetX Type="3" Value="0.000000" />
		<AnchorOffsetY Type="3" Value="100.000000" />
		<AnchorAlignment Type="3" Value="7.000000" />
	</JoinPanel>
	<Legacy>
		<AnchorOffsetX Type="3" Value="0.000000" />
		<AnchorOffsetY Type="3" Value="0.000000" />
		<AnchorAlignment Type="3" Value="9.000000" />
	</Legacy>
	<TutorialPopupWindow>
		<AnchorOffsetX Type="3" Value="-200.000000" />
		<AnchorOffsetY Type="3" Value="0.000000" />
		<AnchorAlignment Type="3" Value="6.000000" />
	</TutorialPopupWindow>
	<VendorWindow>
		<AnchorOffsetX Type="3" Value="124.833333" />
		<AnchorOffsetY Type="3" Value="442.666667" />
		<AnchorAlignment Type="3" Value="7.000000" />
	</VendorWindow>
	<GCWindow>
		<AnchorOffsetX Type="3" Value="0.000000" />
		<AnchorOffsetY Type="3" Value="0.000000" />
		<AnchorAlignment Type="3" Value="9.000000" />
	</GCWindow>
	<Mail>
		<AnchorOffsetX Type="3" Value="420.444531" />
		<AnchorOffsetY Type="3" Value="327.444401" />
		<AnchorAlignment Type="3" Value="1.000000" />
	</Mail>
	<CrewWindow>
		<AnchorOffsetX Type="3" Value="636.333333" />
		<AnchorOffsetY Type="3" Value="193.333333" />
		<AnchorAlignment Type="3" Value="7.000000" />
	</CrewWindow>
	<ShareMissionWindow>
		<AnchorOffsetX Type="3" Value="80.000000" />
		<AnchorOffsetY Type="3" Value="0.000000" />
		<AnchorAlignment Type="3" Value="3.000000" />
	</ShareMissionWindow>
	<CrewCraftingWindow>
		<AnchorOffsetX Type="3" Value="370.666667" />
		<AnchorOffsetY Type="3" Value="446.666667" />
		<AnchorAlignment Type="3" Value="1.000000" />
	</CrewCraftingWindow>
	<SpaceCombatOptions>
		<AnchorOffsetX Type="3" Value="0.000000" />
		<AnchorOffsetY Type="3" Value="0.000000" />
		<AnchorAlignment Type="3" Value="9.000000" />
	</SpaceCombatOptions>
	<DressingRoomWindow>
		<AnchorOffsetX Type="3" Value="665.333333" />
		<AnchorOffsetY Type="3" Value="258.666667" />
		<AnchorAlignment Type="3" Value="1.000000" />
	</DressingRoomWindow>
	<CustomerSupportWindow>
		<AnchorOffsetX Type="3" Value="0.000000" />
		<AnchorOffsetY Type="3" Value="0.000000" />
		<AnchorAlignment Type="3" Value="9.000000" />
	</CustomerSupportWindow>
	<PreferencesWindow>
		<AnchorOffsetX Type="3" Value="564.000000" />
		<AnchorOffsetY Type="3" Value="284.333333" />
		<AnchorAlignment Type="3" Value="1.000000" />
	</PreferencesWindow>
	<TrainerWindow>
		<AnchorOffsetX Type="3" Value="78.666667" />
		<AnchorOffsetY Type="3" Value="395.000000" />
		<AnchorAlignment Type="3" Value="1.000000" />
	</TrainerWindow>
	<SkillTreeWindow>
		<AnchorOffsetX Type="3" Value="0.000000" />
		<AnchorOffsetY Type="3" Value="0.000000" />
		<AnchorAlignment Type="3" Value="9.000000" />
	</SkillTreeWindow>
	<WarzoneJoin>
		<AnchorOffsetX Type="3" Value="-165.333333" />
		<AnchorOffsetY Type="3" Value="-4.222135" />
		<AnchorAlignment Type="3" Value="6.000000" />
	</WarzoneJoin>
	<SocialWindow>
		<AnchorOffsetX Type="3" Value="45.500000" />
		<AnchorOffsetY Type="3" Value="457.000000" />
		<AnchorAlignment Type="3" Value="7.000000" />
	</SocialWindow>
	<QueueWindow>
		<AnchorOffsetX Type="3" Value="-152.888932" />
		<AnchorOffsetY Type="3" Value="389.444466" />
		<AnchorAlignment Type="3" Value="4.000000" />
		<WarzoneSelected Type="2" Value="1" />
	</QueueWindow>
	<WorldMapWindow>
		<AnchorOffsetX Type="3" Value="0.000000" />
		<AnchorOffsetY Type="3" Value="184.888867" />
		<AnchorAlignment Type="3" Value="1.000000" />
	</WorldMapWindow>
	<CharacterSheet>
		<AnchorOffsetX Type="3" Value="366.166667" />
		<AnchorOffsetY Type="3" Value="373.333333" />
		<AnchorAlignment Type="3" Value="7.000000" />
	</CharacterSheet>
	<QuickTravelWindow>
		<AnchorOffsetX Type="3" Value="274.033936" />
		<AnchorOffsetY Type="3" Value="83.777767" />
		<AnchorAlignment Type="3" Value="1.000000" />
	</QuickTravelWindow>
	<MissionBoard>
		<AnchorOffsetX Type="3" Value="2.666667" />
		<AnchorOffsetY Type="3" Value="439.000000" />
		<AnchorAlignment Type="3" Value="7.000000" />
	</MissionBoard>
	<MissionRewardWindow>
		<AnchorOffsetX Type="3" Value="365.111068" />
		<AnchorOffsetY Type="3" Value="63.661068" />
		<AnchorAlignment Type="3" Value="9.000000" />
	</MissionRewardWindow>
	<BankWindow>
		<AnchorOffsetX Type="3" Value="256.277734" />
		<AnchorOffsetY Type="3" Value="338.333333" />
		<AnchorAlignment Type="3" Value="7.000000" />
	</BankWindow>
	<ItemModification>
		<AnchorOffsetX Type="3" Value="-128.666667" />
		<AnchorOffsetY Type="3" Value="168.000000" />
		<AnchorAlignment Type="3" Value="4.000000" />
	</ItemModification>
	<TaxiWindow>
		<AnchorOffsetX Type="3" Value="0.000000" />
		<AnchorOffsetY Type="3" Value="0.000000" />
		<AnchorAlignment Type="3" Value="9.000000" />
	</TaxiWindow>
	<MailViewMessage>
		<AnchorOffsetX Type="3" Value="252.166667" />
		<AnchorOffsetY Type="3" Value="221.277799" />
		<AnchorAlignment Type="3" Value="7.000000" />
	</MailViewMessage>
	<Inventory>
		<AnchorOffsetX Type="3" Value="524.166667" />
		<AnchorOffsetY Type="3" Value="169.000000" />
		<AnchorAlignment Type="3" Value="7.000000" />
	</Inventory>
	<ItemEnhancements>
		<AnchorOffsetX Type="3" Value="80.000000" />
		<AnchorOffsetY Type="3" Value="0.000000" />
		<AnchorAlignment Type="3" Value="3.000000" />
	</ItemEnhancements>
	<GuildBank>
		<AnchorOffsetX Type="3" Value="687.777734" />
		<AnchorOffsetY Type="3" Value="356.666667" />
		<AnchorAlignment Type="3" Value="1.000000" />
	</GuildBank>
	<AdvancedClassWindow>
		<AnchorOffsetX Type="3" Value="80.000000" />
		<AnchorOffsetY Type="3" Value="0.000000" />
		<AnchorAlignment Type="3" Value="3.000000" />
	</AdvancedClassWindow>
	<SpaceCombatInfo>
		<anchorXOffset Type="3" Value="0.000000" />
		<anchorAlignment Type="3" Value="2.000000" />
		<anchorYOffset Type="3" Value="0.028340" />
		<scale Type="3" Value="1.000000" />
		<enabled Type="2" Value="1" />
		<alpha Type="3" Value="100.000000" />
		<FlipVertical Type="2" Value="0" />
	</SpaceCombatInfo>
	<ConversationReactions>
		<anchorXOffset Type="3" Value="-524.666667" />
		<anchorAlignment Type="3" Value="5.000000" />
		<anchorYOffset Type="3" Value="-249.333333" />
		<scale Type="3" Value="1.000000" />
		<enabled Type="2" Value="1" />
		<alpha Type="3" Value="100.000000" />
	</ConversationReactions>
	<ConversationRewardPopups>
		<anchorXOffset Type="3" Value="0.000000" />
		<anchorAlignment Type="3" Value="4.000000" />
		<anchorYOffset Type="3" Value="250.000000" />
		<scale Type="3" Value="1.000000" />
		<enabled Type="2" Value="1" />
		<alpha Type="3" Value="100.000000" />
	</ConversationRewardPopups>
	<ConversationSubtitles>
		<anchorXOffset Type="3" Value="0.000000" />
		<anchorAlignment Type="3" Value="8.000000" />
		<anchorYOffset Type="3" Value="-200.000000" />
		<scale Type="3" Value="1.000000" />
		<enabled Type="2" Value="1" />
		<alpha Type="3" Value="100.000000" />
	</ConversationSubtitles>
	<ResponseWheel>
		<anchorAlignment Type="3" Value="8.000000" />
		<anchorXOffset Type="3" Value="-3.000000" />
		<anchorYOffset Type="3" Value="0.000000" />
		<scale Type="3" Value="1.000000" />
		<enabled Type="2" Value="1" />
		<alpha Type="3" Value="100.000000" />
	</ResponseWheel>
	<ConversationGroupPortraits>
		<anchorAlignment Type="3" Value="3.000000" />
		<anchorXOffset Type="3" Value="0.000000" />
		<anchorYOffset Type="3" Value="6.038462" />
		<scale Type="3" Value="1.000000" />
		<enabled Type="2" Value="1" />
		<alpha Type="3" Value="100.000000" />
	</ConversationGroupPortraits>
	<SpaceCombatMissiles>
		<anchorAlignment Type="3" Value="5.000000" />
		<anchorXOffset Type="3" Value="-0.198381" />
		<anchorYOffset Type="3" Value="-0.923077" />
		<scale Type="3" Value="1.000000" />
		<enabled Type="2" Value="1" />
		<alpha Type="3" Value="100.000000" />
		<FlipVertical Type="2" Value="0" />
	</SpaceCombatMissiles>
	<CompanionCastbar>
		<scale Type="3" Value="1.000000" />
		<anchorAlignment Type="3" Value="8.000000" />
		<anchorXOffset Type="3" Value="-780.000000" />
		<anchorYOffset Type="3" Value="-240.000000" />
		<enabled Type="2" Value="1" />
		<alpha Type="3" Value="100.000000" />
		<FlipHorizontal Type="2" Value="0" />
	</CompanionCastbar>
	<AuctionHouse>
		<AnchorOffsetX Type="3" Value="375.666667" />
		<AnchorOffsetY Type="3" Value="133.666667" />
		<AnchorAlignment Type="3" Value="9.000000" />
	</AuctionHouse>
	<GroupFinderPopUp>
		<AnchorOffsetX Type="3" Value="84.000000" />
		<AnchorOffsetY Type="3" Value="177.666667" />
		<AnchorAlignment Type="3" Value="7.000000" />
	</GroupFinderPopUp>
	<SelineScorecard>
		<anchorXOffset Type="3" Value="300.000000" />
		<anchorAlignment Type="3" Value="7.000000" />
		<anchorYOffset Type="3" Value="40.000000" />
		<scale Type="3" Value="1.000000" />
		<enabled Type="2" Value="1" />
		<alpha Type="3" Value="100.000000" />
	</SelineScorecard>
	<QuickBar5>
		<enabled Type="2" Value="1" />
		<anchorAlignment Type="3" Value="4.000000" />
		<anchorXOffset Type="3" Value="-0.333333" />
		<anchorYOffset Type="3" Value="377.333333" />
		<scale Type="3" Value="1.000000" />
		<alpha Type="3" Value="100.000000" />
		<NumVisible Type="3" Value="12.000000" />
		<NumPerRow Type="3" Value="1.000000" />
		<BGVisible Type="2" Value="0" />
	</QuickBar5>
	<QuickBar6>
		<enabled Type="2" Value="1" />
		<anchorAlignment Type="3" Value="8.000000" />
		<anchorXOffset Type="3" Value="-8.166667" />
		<anchorYOffset Type="3" Value="-142.000000" />
		<scale Type="3" Value="1.000000" />
		<alpha Type="3" Value="100.000000" />
		<NumVisible Type="3" Value="5.000000" />
		<NumPerRow Type="3" Value="7.000000" />
		<BGVisible Type="2" Value="0" />
	</QuickBar6>
	<MTXStorePanel>
		<anchorAlignment Type="3" Value="7.000000" />
		<anchorXOffset Type="3" Value="345.000000" />
		<anchorYOffset Type="3" Value="0.000000" />
		<scale Type="3" Value="1.000000" />
		<enabled Type="2" Value="1" />
		<alpha Type="3" Value="100.000000" />
	</MTXStorePanel>
	<TutorialViewerWindow>
		<AnchorOffsetX Type="3" Value="43.722222" />
		<AnchorOffsetY Type="3" Value="220.777778" />
		<AnchorAlignment Type="3" Value="1.000000" />
	</TutorialViewerWindow>
	<FacialReconstructionWindow>
		<AnchorOffsetX Type="3" Value="552.944450" />
		<AnchorOffsetY Type="3" Value="154.000000" />
		<AnchorAlignment Type="3" Value="1.000000" />
	</FacialReconstructionWindow>
	<TutorialIndexWindow>
		<AnchorOffsetX Type="3" Value="560.000000" />
		<AnchorOffsetY Type="3" Value="110.000000" />
		<AnchorAlignment Type="3" Value="9.000000" />
	</TutorialIndexWindow>
	<CrewSkillSelectWindow>
		<AnchorOffsetX Type="3" Value="0.000000" />
		<AnchorOffsetY Type="3" Value="0.000000" />
		<AnchorAlignment Type="3" Value="9.000000" />
	</CrewSkillSelectWindow>
	<VoteKickWindow>
		<AnchorOffsetX Type="3" Value="0.000000" />
		<AnchorOffsetY Type="3" Value="0.000000" />
		<AnchorAlignment Type="3" Value="9.000000" />
	</VoteKickWindow>
	<GroupFinder>
		<AnchorOffsetX Type="3" Value="0.000000" />
		<AnchorOffsetY Type="3" Value="0.000000" />
		<AnchorAlignment Type="3" Value="9.000000" />
	</GroupFinder>
	<UpsellWindow>
		<AnchorOffsetX Type="3" Value="0.000000" />
		<AnchorOffsetY Type="3" Value="0.000000" />
		<AnchorAlignment Type="3" Value="9.000000" />
	</UpsellWindow>
	<MTXStoreWindow>
		<AnchorOffsetX Type="3" Value="95.055534" />
		<AnchorOffsetY Type="3" Value="382.444401" />
		<AnchorAlignment Type="3" Value="1.000000" />
	</MTXStoreWindow>
	<GroupFinderFilter>
		<AnchorOffsetX Type="3" Value="0.000000" />
		<AnchorOffsetY Type="3" Value="0.000000" />
		<AnchorAlignment Type="3" Value="9.000000" />
	</GroupFinderFilter>
	<GroupFinderRoleSelect>
		<AnchorOffsetX Type="3" Value="0.000000" />
		<AnchorOffsetY Type="3" Value="0.000000" />
		<AnchorAlignment Type="3" Value="9.000000" />
	</GroupFinderRoleSelect>
	<MTXDialogWindow>
		<AnchorOffsetX Type="3" Value="0.000000" />
		<AnchorOffsetY Type="3" Value="0.000000" />
		<AnchorAlignment Type="3" Value="9.000000" />
	</MTXDialogWindow>
	<AchievementTracker>
		<anchorAlignment Type="3" Value="5.000000" />
		<anchorXOffset Type="3" Value="-0.666667" />
		<anchorYOffset Type="3" Value="-299.666667" />
		<scale Type="3" Value="1.000000" />
		<enabled Type="2" Value="1" />
		<alpha Type="3" Value="100.000000" />
		<FlippedVertically Type="2" Value="1" />
		<Height Type="3" Value="295.000000" />
	</AchievementTracker>
	<CrewBundlesWindow>
		<AnchorOffsetX Type="3" Value="80.000000" />
		<AnchorOffsetY Type="3" Value="0.000000" />
		<AnchorAlignment Type="3" Value="3.000000" />
	</CrewBundlesWindow>
	<MacrobinocularsWindow>
		<AnchorOffsetX Type="3" Value="0.000000" />
		<AnchorOffsetY Type="3" Value="0.000000" />
		<AnchorAlignment Type="3" Value="1.000000" />
	</MacrobinocularsWindow>
	<ArenaScorecard>
		<anchorAlignment Type="3" Value="3.000000" />
		<anchorXOffset Type="3" Value="20.000000" />
		<anchorYOffset Type="3" Value="185.333333" />
		<scale Type="3" Value="1.000000" />
		<enabled Type="2" Value="1" />
		<alpha Type="3" Value="100.000000" />
		<ShowIconTooltips Type="2" Value="1" />
	</ArenaScorecard>
	<GameDownload>
		<anchorAlignment Type="3" Value="4.000000" />
		<anchorXOffset Type="3" Value="-306.974460" />
		<anchorYOffset Type="3" Value="0.000000" />
		<scale Type="3" Value="1.000000" />
		<enabled Type="2" Value="1" />
		<alpha Type="3" Value="100.000000" />
	</GameDownload>
	<FreeFlightQuickBar>
		<anchorAlignment Type="3" Value="8.000000" />
		<anchorXOffset Type="3" Value="-78.000000" />
		<anchorYOffset Type="3" Value="-25.000000" />
		<scale Type="3" Value="1.000000" />
		<enabled Type="2" Value="1" />
		<alpha Type="3" Value="100.000000" />
		<NumVisible Type="3" Value="4.000000" />
		<NumPerRow Type="3" Value="12.000000" />
		<BGVisible Type="2" Value="1" />
	</FreeFlightQuickBar>
	<FreeFlightShipStatus>
		<anchorAlignment Type="3" Value="2.000000" />
		<anchorXOffset Type="3" Value="15.000000" />
		<anchorYOffset Type="3" Value="-20.000000" />
		<scale Type="3" Value="1.000000" />
		<enabled Type="2" Value="1" />
		<alpha Type="3" Value="100.000000" />
	</FreeFlightShipStatus>
	<FreeFlightPlayerStatusEffects>
		<anchorAlignment Type="3" Value="2.000000" />
		<anchorXOffset Type="3" Value="25.000000" />
		<anchorYOffset Type="3" Value="-200.000000" />
		<scale Type="3" Value="1.000000" />
		<enabled Type="2" Value="1" />
		<alpha Type="3" Value="100.000000" />
	</FreeFlightPlayerStatusEffects>
	<FreeFlightTargetStatusEffects>
		<anchorAlignment Type="3" Value="4.000000" />
		<anchorXOffset Type="3" Value="5.000000" />
		<anchorYOffset Type="3" Value="270.000000" />
		<scale Type="3" Value="1.000000" />
		<enabled Type="2" Value="1" />
		<alpha Type="3" Value="100.000000" />
	</FreeFlightTargetStatusEffects>
	<FreeFlightShipAmmo>
		<anchorAlignment Type="3" Value="8.000000" />
		<anchorXOffset Type="3" Value="128.000000" />
		<anchorYOffset Type="3" Value="-6.000000" />
		<scale Type="3" Value="1.000000" />
		<enabled Type="2" Value="1" />
		<alpha Type="3" Value="100.000000" />
	</FreeFlightShipAmmo>
	<FreeFlightTargetingComputer>
		<anchorAlignment Type="3" Value="4.000000" />
		<anchorXOffset Type="3" Value="5.000000" />
		<anchorYOffset Type="3" Value="5.000000" />
		<scale Type="3" Value="1.000000" />
		<enabled Type="2" Value="1" />
		<alpha Type="3" Value="100.000000" />
	</FreeFlightTargetingComputer>
	<FreeFlightPowerSettings>
		<anchorAlignment Type="3" Value="2.000000" />
		<anchorXOffset Type="3" Value="215.000000" />
		<anchorYOffset Type="3" Value="-15.000000" />
		<scale Type="3" Value="1.000000" />
		<enabled Type="2" Value="1" />
		<alpha Type="3" Value="100.000000" />
	</FreeFlightPowerSettings>
	<FreeFlightMissileLockIndicator>
		<anchorAlignment Type="3" Value="7.000000" />
		<anchorXOffset Type="3" Value="0.000000" />
		<anchorYOffset Type="3" Value="150.000000" />
		<scale Type="3" Value="1.000000" />
		<enabled Type="2" Value="1" />
		<alpha Type="3" Value="100.000000" />
	</FreeFlightMissileLockIndicator>
	<FreeFlightMiniMap>
		<anchorAlignment Type="3" Value="5.000000" />
		<anchorXOffset Type="3" Value="0.000000" />
		<anchorYOffset Type="3" Value="-10.000000" />
		<scale Type="3" Value="1.000000" />
		<enabled Type="2" Value="1" />
		<alpha Type="3" Value="100.000000" />
	</FreeFlightMiniMap>
	<FreeFlightScorecard>
		<anchorAlignment Type="3" Value="7.000000" />
		<anchorXOffset Type="3" Value="1.166667" />
		<anchorYOffset Type="3" Value="0.000000" />
		<scale Type="3" Value="1.000000" />
		<enabled Type="2" Value="1" />
		<alpha Type="3" Value="100.000000" />
	</FreeFlightScorecard>
	<FreeFlightCopilotBark>
		<anchorAlignment Type="3" Value="2.000000" />
		<anchorXOffset Type="3" Value="15.000000" />
		<anchorYOffset Type="3" Value="-305.000000" />
		<scale Type="3" Value="1.000000" />
		<enabled Type="2" Value="1" />
		<alpha Type="3" Value="100.000000" />
	</FreeFlightCopilotBark>
	<CollectionsWindow>
		<AnchorOffsetX Type="3" Value="615.166667" />
		<AnchorOffsetY Type="3" Value="303.500000" />
		<AnchorAlignment Type="3" Value="1.000000" />
	</CollectionsWindow>
	<MTXCoinPurchaseDialogWindow>
		<AnchorOffsetX Type="3" Value="0.000000" />
		<AnchorOffsetY Type="3" Value="0.000000" />
		<AnchorAlignment Type="3" Value="9.000000" />
	</MTXCoinPurchaseDialogWindow>
	<FreeFlightHangar>
		<AnchorOffsetX Type="3" Value="140.500000" />
		<AnchorOffsetY Type="3" Value="288.000000" />
		<AnchorAlignment Type="3" Value="1.000000" />
	</FreeFlightHangar>
	<GSUpsellWindow>
		<AnchorOffsetX Type="3" Value="0.000000" />
		<AnchorOffsetY Type="3" Value="0.000000" />
		<AnchorAlignment Type="3" Value="9.000000" />
	</GSUpsellWindow>
	<ColInspectItemWindow>
		<AnchorOffsetX Type="3" Value="0.000000" />
		<AnchorOffsetY Type="3" Value="0.000000" />
		<AnchorAlignment Type="3" Value="9.000000" />
	</ColInspectItemWindow>
	<FreeFlightFleetConvertDialog>
		<AnchorOffsetX Type="3" Value="0.000000" />
		<AnchorOffsetY Type="3" Value="0.000000" />
		<AnchorAlignment Type="3" Value="9.000000" />
	</FreeFlightFleetConvertDialog>
	<SCFFMapWindow>
		<AnchorOffsetX Type="3" Value="0.000000" />
		<AnchorOffsetY Type="3" Value="0.000000" />
		<AnchorAlignment Type="3" Value="9.000000" />
	</SCFFMapWindow>
	<StrongholdToolbar>
		<anchorXOffset Type="3" Value="0.000000" />
		<anchorAlignment Type="3" Value="8.000000" />
		<anchorYOffset Type="3" Value="-215.000000" />
		<scale Type="3" Value="0.850000" />
		<enabled Type="2" Value="1" />
		<alpha Type="3" Value="100.000000" />
	</StrongholdToolbar>
	<SystemMessages>
		<anchorAlignment Type="3" Value="7.000000" />
		<anchorXOffset Type="3" Value="0.000000" />
		<anchorYOffset Type="3" Value="265.000000" />
		<scale Type="3" Value="0.800000" />
		<enabled Type="2" Value="1" />
		<alpha Type="3" Value="100.000000" />
	</SystemMessages>
	<PlayerPositiveEffectTray>
		<anchorAlignment Type="3" Value="2.000000" />
		<anchorXOffset Type="3" Value="462.666667" />
		<anchorYOffset Type="3" Value="-367.383333" />
		<scale Type="3" Value="1.150000" />
		<enabled Type="2" Value="1" />
		<alpha Type="3" Value="100.000000" />
		<TrayIconsScale Type="3" Value="0.650000" />
		<TrayMaxColumns Type="3" Value="6.000000" />
		<TrayExpandsVertical Type="2" Value="1" />
		<TrayExpandsHorizontal Type="2" Value="1" />
		<TraySortType Type="3" Value="0.000000" />
		<TrayShowPersonalHighlight Type="2" Value="0" />
		<TrayPersonalHighlightMaxDuration Type="3" Value="300.000000" />
		<TrayShowPersonalEffectsFirst Type="2" Value="0" />
	</PlayerPositiveEffectTray>
	<PlayerNegativeEffectTray>
		<anchorAlignment Type="3" Value="2.000000" />
		<anchorXOffset Type="3" Value="753.333333" />
		<anchorYOffset Type="3" Value="-270.583333" />
		<scale Type="3" Value="1.250000" />
		<enabled Type="2" Value="1" />
		<alpha Type="3" Value="100.000000" />
		<TrayIconsScale Type="3" Value="0.850000" />
		<TrayMaxColumns Type="3" Value="6.000000" />
		<TrayExpandsVertical Type="2" Value="1" />
		<TrayExpandsHorizontal Type="2" Value="0" />
		<TraySortType Type="3" Value="0.000000" />
		<TrayShowPersonalHighlight Type="2" Value="0" />
		<TrayPersonalHighlightMaxDuration Type="3" Value="300.000000" />
		<TrayShowPersonalEffectsFirst Type="2" Value="0" />
	</PlayerNegativeEffectTray>
	<ExpandedConversationRewards>
		<anchorXOffset Type="3" Value="0.000000" />
		<anchorAlignment Type="3" Value="4.000000" />
		<anchorYOffset Type="3" Value="250.000000" />
		<scale Type="3" Value="1.000000" />
		<enabled Type="2" Value="1" />
		<alpha Type="3" Value="100.000000" />
	</ExpandedConversationRewards>
	<ExpandedConversationPortraits>
		<anchorAlignment Type="3" Value="3.000000" />
		<anchorXOffset Type="3" Value="0.000000" />
		<anchorYOffset Type="3" Value="3.833333" />
		<scale Type="3" Value="1.000000" />
		<enabled Type="2" Value="1" />
		<alpha Type="3" Value="100.000000" />
	</ExpandedConversationPortraits>
	<ExpandedConversationReactions>
		<anchorXOffset Type="3" Value="-516.666667" />
		<anchorAlignment Type="3" Value="5.000000" />
		<anchorYOffset Type="3" Value="-277.333333" />
		<scale Type="3" Value="1.000000" />
		<enabled Type="2" Value="1" />
		<alpha Type="3" Value="100.000000" />
	</ExpandedConversationReactions>
	<TemporaryAbilityBar>
		<anchorAlignment Type="3" Value="8.000000" />
		<anchorXOffset Type="3" Value="24.000000" />
		<anchorYOffset Type="3" Value="-220.666667" />
		<scale Type="3" Value="1.000000" />
		<enabled Type="2" Value="1" />
		<alpha Type="3" Value="100.000000" />
	</TemporaryAbilityBar>
	<StrongholdExitWindow>
		<AnchorOffsetX Type="3" Value="198.666667" />
		<AnchorOffsetY Type="3" Value="99.666667" />
		<AnchorAlignment Type="3" Value="9.000000" />
	</StrongholdExitWindow>
	<StrongholdEditWindow>
		<AnchorOffsetX Type="3" Value="2.444442" />
		<AnchorOffsetY Type="3" Value="248.222233" />
		<AnchorAlignment Type="3" Value="3.000000" />
	</StrongholdEditWindow>
	<StrongholdManagementWindow>
		<AnchorOffsetX Type="3" Value="650.000000" />
		<AnchorOffsetY Type="3" Value="316.000000" />
		<AnchorAlignment Type="3" Value="1.000000" />
	</StrongholdManagementWindow>
	<StrongholdDecorationPreviewWindow>
		<AnchorOffsetX Type="3" Value="420.555599" />
		<AnchorOffsetY Type="3" Value="375.555534" />
		<AnchorAlignment Type="3" Value="1.000000" />
	</StrongholdDecorationPreviewWindow>
	<AllianceWindow>
		<AnchorOffsetX Type="3" Value="259.722201" />
		<AnchorOffsetY Type="3" Value="305.722233" />
		<AnchorAlignment Type="3" Value="7.000000" />
	</AllianceWindow>
	<LegacyBankWindow>
		<AnchorOffsetX Type="3" Value="557.777734" />
		<AnchorOffsetY Type="3" Value="284.722266" />
		<AnchorAlignment Type="3" Value="1.000000" />
	</LegacyBankWindow>
	<StrongholdRoomUnlockWindow>
		<AnchorOffsetX Type="3" Value="165.333333" />
		<AnchorOffsetY Type="3" Value="456.166667" />
		<AnchorAlignment Type="3" Value="7.000000" />
	</StrongholdRoomUnlockWindow>
	<WardrobeStampModificationWindow>
		<AnchorOffsetX Type="3" Value="-230.666667" />
		<AnchorOffsetY Type="3" Value="389.500000" />
		<AnchorAlignment Type="3" Value="7.000000" />
	</WardrobeStampModificationWindow>
	<GrantMissionWindow>
		<AnchorOffsetX Type="3" Value="80.000000" />
		<AnchorOffsetY Type="3" Value="0.000000" />
		<AnchorAlignment Type="3" Value="3.000000" />
	</GrantMissionWindow>
	<FlagshipCommandConsole>
		<AnchorOffsetX Type="3" Value="0.000000" />
		<AnchorOffsetY Type="3" Value="0.000000" />
		<AnchorAlignment Type="3" Value="9.000000" />
	</FlagshipCommandConsole>
	<MissionTerminalBlue>
		<AnchorOffsetX Type="3" Value="251.222233" />
		<AnchorOffsetY Type="3" Value="289.277767" />
		<AnchorAlignment Type="3" Value="1.000000" />
	</MissionTerminalBlue>
	<EpisodeLauncher>
		<AnchorOffsetX Type="3" Value="617.185668" />
		<AnchorOffsetY Type="3" Value="205.304531" />
		<AnchorAlignment Type="3" Value="1.000000" />
	</EpisodeLauncher>
	<MissionShareWindow>
		<AnchorOffsetX Type="3" Value="224.000000" />
		<AnchorOffsetY Type="3" Value="312.000000" />
		<AnchorAlignment Type="3" Value="3.000000" />
	</MissionShareWindow>
	<DisciplineWindow>
		<AnchorOffsetX Type="3" Value="708.000000" />
		<AnchorOffsetY Type="3" Value="261.333333" />
		<AnchorAlignment Type="3" Value="1.000000" />
	</DisciplineWindow>
	<StrongholdAccessManagementWindow>
		<AnchorOffsetX Type="3" Value="-5.333333" />
		<AnchorOffsetY Type="3" Value="10.666667" />
		<AnchorAlignment Type="3" Value="9.000000" />
	</StrongholdAccessManagementWindow>
	<ScrollingText>
		<anchorAlignment Type="3" Value="7.000000" />
		<anchorXOffset Type="3" Value="0.000000" />
		<anchorYOffset Type="3" Value="0.000000" />
		<scale Type="3" Value="1.000000" />
		<enabled Type="2" Value="1" />
		<alpha Type="3" Value="100.000000" />
	</ScrollingText>
	<OdessenScorecard>
		<anchorAlignment Type="3" Value="7.000000" />
		<anchorXOffset Type="3" Value="490.000000" />
		<anchorYOffset Type="3" Value="0.000000" />
		<scale Type="3" Value="0.900000" />
		<enabled Type="2" Value="1" />
		<alpha Type="3" Value="100.000000" />
	</OdessenScorecard>
	<PackExplorerWindow>
		<AnchorOffsetX Type="3" Value="379.888900" />
		<AnchorOffsetY Type="3" Value="331.888867" />
		<AnchorAlignment Type="3" Value="1.000000" />
	</PackExplorerWindow>
	<GalacticCommandPackViewerWindow>
		<AnchorOffsetX Type="3" Value="711.833333" />
		<AnchorOffsetY Type="3" Value="388.666667" />
		<AnchorAlignment Type="3" Value="7.000000" />
	</GalacticCommandPackViewerWindow>
	<ActivityWindow>
		<AnchorOffsetX Type="3" Value="0.000000" />
		<AnchorOffsetY Type="3" Value="176.666667" />
		<AnchorAlignment Type="3" Value="1.000000" />
	</ActivityWindow>
	<MenuBar_v2>
		<anchorAlignment Type="3" Value="7.000000" />
		<anchorXOffset Type="3" Value="0.000000" />
		<anchorYOffset Type="3" Value="0.000000" />
		<scale Type="3" Value="1.000000" />
		<enabled Type="2" Value="1" />
		<alpha Type="3" Value="100.000000" />
		<VerticalDisplay Type="2" Value="0" />
	</MenuBar_v2>
	<ChosenAlignmentToggleWindow>
		<anchorAlignment Type="3" Value="5.000000" />
		<anchorXOffset Type="3" Value="-340.000000" />
		<anchorYOffset Type="3" Value="-65.000000" />
		<scale Type="3" Value="1.000000" />
		<enabled Type="2" Value="1" />
		<alpha Type="3" Value="100.000000" />
		<Rotation Type="3" Value="0.000000" />
	</ChosenAlignmentToggleWindow>
</GUIProfile>
